<?xml version="1.0" encoding="UTF-8"?>
<territory-type>
    <territory color="3131703296">
        <zone name="AnimalBear" smin="0" smax="0" dmin="1" dmax="1" x="7515" z="930" r="75"/>
    </territory>
    <territory color="2661941248">
        <zone name="AnimalBear" smin="0" smax="0" dmin="1" dmax="1" x="3602.5" z="3607.5" r="100"/>
    </territory>
    <territory color="2611609600">
        <zone name="AnimalBear" smin="0" smax="0" dmin="1" dmax="1" x="6901.25" z="1423.75" r="100"/>
    </territory>
    <territory color="3232366592">
        <zone name="AnimalBear" smin="0" smax="0" dmin="1" dmax="1" x="660" z="12322.5" r="100"/>
    </territory>
    <territory color="3316252672">
        <zone name="AnimalBear" smin="0" smax="0" dmin="1" dmax="1" x="4612.5" z="8820" r="50"/>
    </territory>
    <territory color="3047817216">
        <zone name="AnimalBear" smin="0" smax="0" dmin="1" dmax="1" x="585" z="2960" r="100"/>
    </territory>
    <territory color="3282698240">
        <zone name="AnimalBear" smin="0" smax="0" dmin="1" dmax="1" x="5058.21" z="8363.04" r="50"/>
    </territory>
    <territory color="2729050112">
        <zone name="AnimalBear" smin="0" smax="0" dmin="1" dmax="1" x="7672.5" z="6802.5" r="100"/>
    </territory>
    <territory color="2695495680">
        <zone name="AnimalBear" smin="0" smax="0" dmin="1" dmax="1" x="5242.5" z="153.75" r="100"/>
    </territory>
    <territory color="2930376704">
        <zone name="AnimalBear" smin="0" smax="0" dmin="1" dmax="1" x="1935" z="1192.5" r="100"/>
    </territory>
    <territory color="2578055168">
        <zone name="AnimalBear" smin="0" smax="0" dmin="1" dmax="1" x="3472.5" z="4492.5" r="100"/>
    </territory>
    <territory color="2846490624">
        <zone name="AnimalBear" smin="0" smax="0" dmin="1" dmax="1" x="13312.5" z="5055" r="100"/>
    </territory>
    <territory color="3165257728">
        <zone name="AnimalBear" smin="0" smax="0" dmin="1" dmax="1" x="6873" z="1122" r="150"/>
    </territory>
    <territory color="3081371648">
        <zone name="AnimalBear" smin="0" smax="0" dmin="1" dmax="1" x="8253" z="692" r="75"/>
    </territory>
    <territory color="2963931136">
        <zone name="AnimalBear" smin="0" smax="0" dmin="1" dmax="1" x="3827.5" z="507.5" r="100"/>
    </territory>
    <territory color="3366584320">
        <zone name="AnimalBear" smin="0" smax="0" dmin="1" dmax="1" x="5590" z="8272.5" r="50"/>
    </territory>
    <territory color="3198812160">
        <zone name="AnimalBear" smin="0" smax="0" dmin="1" dmax="1" x="11800" z="6640" r="100"/>
    </territory>
    <territory color="2896822272">
        <zone name="AnimalBear" smin="0" smax="0" dmin="1" dmax="1" x="3482.5" z="2190" r="100"/>
    </territory>
    <territory color="2812936192">
        <zone name="AnimalBear" smin="0" smax="0" dmin="1" dmax="1" x="9683.75" z="6926.3" r="100"/>
    </territory>
    <territory color="2997485568">
        <zone name="AnimalBear" smin="0" smax="0" dmin="1" dmax="1" x="2615" z="2485" r="100"/>
    </territory>
</territory-type>
