<?xml version="1.0" encoding="UTF-8"?>
<territory-type>
    <territory color="2665062343">
        <zone name="AnimalGoat" smin="0" smax="0" dmin="1" dmax="2" x="4890" z="4837.5" r="100"/>
    </territory>
    <territory color="2463735751">
        <zone name="AnimalGoat" smin="0" smax="0" dmin="1" dmax="2" x="3307.5" z="5520" r="100"/>
    </territory>
    <territory color="2396626887">
        <zone name="AnimalGoat" smin="0" smax="0" dmin="1" dmax="2" x="6810" z="4395" r="100"/>
    </territory>
    <territory color="2312740807">
        <zone name="AnimalGoat" smin="0" smax="0" dmin="1" dmax="2" x="1800" z="4522.5" r="100"/>
    </territory>
    <territory color="2698616775">
        <zone name="AnimalGoat" smin="0" smax="0" dmin="1" dmax="2" x="1572.5" z="9726.25" r="50"/>
    </territory>
    <territory color="2346295239">
        <zone name="AnimalGoat" smin="0" smax="0" dmin="1" dmax="2" x="3915" z="3127.5" r="100"/>
    </territory>
    <territory color="2279186375">
        <zone name="AnimalGoat" smin="0" smax="0" dmin="1" dmax="2" x="2797.5" z="885" r="100"/>
    </territory>
    <territory color="2614730695">
        <zone name="AnimalGoat" smin="0" smax="0" dmin="1" dmax="2" x="4635" z="14404.5" r="50"/>
    </territory>
    <territory color="2195300295">
        <zone name="AnimalGoat" smin="0" smax="0" dmin="1" dmax="2" x="10158.8" z="7155" r="75"/>
    </territory>
    <territory color="2581176263">
        <zone name="AnimalGoat" smin="0" smax="0" dmin="1" dmax="2" x="6375" z="5302.5" r="100"/>
    </territory>
    <territory color="2497290183">
        <zone name="AnimalGoat" smin="0" smax="0" dmin="1" dmax="2" x="1350" z="6127.5" r="100"/>
    </territory>
    <territory color="2547621831">
        <zone name="AnimalGoat" smin="0" smax="0" dmin="1" dmax="2" x="4020" z="1417.5" r="100"/>
    </territory>
    <territory color="2228854727">
        <zone name="AnimalGoat" smin="0" smax="0" dmin="1" dmax="2" x="1327.5" z="1747.5" r="100"/>
    </territory>
</territory-type>
