<?xml version="1.0" encoding="UTF-8"?>
<territory-type>
    <territory color="2784995840">
        <zone name="AmbientHen" smin="0" smax="0" dmin="2" dmax="1" x="3090" z="176.25" r="75"/>
    </territory>
    <territory color="2399119872">
        <zone name="AmbientHen" smin="0" smax="0" dmin="2" dmax="1" x="5563.75" z="8545" r="50"/>
    </territory>
    <territory color="2617223680">
        <zone name="AmbientHen" smin="0" smax="0" dmin="2" dmax="1" x="2336.25" z="4747.5" r="75"/>
    </territory>
    <territory color="2701109760">
        <zone name="AmbientHen" smin="0" smax="0" dmin="2" dmax="1" x="11928" z="6818.25" r="75"/>
    </territory>
    <territory color="2550114816">
        <zone name="AmbientHen" smin="0" smax="0" dmin="2" dmax="1" x="273.75" z="7522.5" r="75"/>
    </territory>
    <territory color="2231347712">
        <zone name="AmbientHen" smin="0" smax="0" dmin="2" dmax="1" x="6920" z="6540" r="75"/>
    </territory>
    <territory color="2734664192">
        <zone name="AmbientHen" smin="0" smax="0" dmin="2" dmax="1" x="529.167" z="12162.1" r="50"/>
    </territory>
    <territory color="2315233792">
        <zone name="AmbientHen" smin="0" smax="0" dmin="2" dmax="1" x="6502.5" z="5396.25" r="75"/>
    </territory>
    <territory color="2348788224">
        <zone name="AmbientHen" smin="0" smax="0" dmin="2" dmax="1" x="4586.25" z="4661.25" r="75"/>
    </territory>
    <territory color="2466228736">
        <zone name="AmbientHen" smin="0" smax="0" dmin="2" dmax="1" x="4893.75" z="7721.25" r="75"/>
    </territory>
    <territory color="2197793280">
        <zone name="AmbientHen" smin="0" smax="0" dmin="2" dmax="1" x="7912.5" z="7796.25" r="75"/>
    </territory>
    <territory color="2516560384">
        <zone name="AmbientHen" smin="0" smax="0" dmin="2" dmax="1" x="2257.5" z="8077.5" r="75"/>
    </territory>
    <territory color="2667555328">
        <zone name="AmbientHen" smin="0" smax="0" dmin="2" dmax="1" x="2805" z="2460" r="75"/>
    </territory>
    <territory color="2583669248">
        <zone name="AmbientHen" smin="0" smax="0" dmin="2" dmax="1" x="2321.25" z="6007.5" r="75"/>
    </territory>
    <territory color="2231347712">
        <zone name="AmbientHen" smin="0" smax="0" dmin="2" dmax="1" x="6146.25" z="7140" r="75"/>
    </territory>
    <territory color="2852104704">
        <zone name="AmbientHen" smin="0" smax="0" dmin="1" dmax="2" x="5120" z="13795" r="50"/>
    </territory>
</territory-type>
