<?xml version="1.0" encoding="UTF-8"?>
<territory-type>
    <territory color="2516549052">
        <zone name="AnimalPig" smin="0" smax="0" dmin="1" dmax="1" x="1564.43" z="13500" r="50"/>
    </territory>
    <territory color="2348776892">
        <zone name="AnimalPig" smin="0" smax="0" dmin="1" dmax="1" x="4830.36" z="6390" r="120"/>
    </territory>
    <territory color="2197781948">
        <zone name="AnimalPig" smin="0" smax="0" dmin="1" dmax="1" x="6768.75" z="6386.25" r="100"/>
    </territory>
    <territory color="2164227516">
        <zone name="AnimalPig" smin="0" smax="0" dmin="1" dmax="1" x="12213.8" z="5480" r="75"/>
    </territory>
    <territory color="2583657916">
        <zone name="AnimalPig" smin="0" smax="0" dmin="1" dmax="1" x="7952.5" z="7557.5" r="75"/>
    </territory>
    <territory color="2432662972">
        <zone name="AnimalPig" smin="0" smax="0" dmin="1" dmax="1" x="2535" z="8272.5" r="120"/>
    </territory>
    <territory color="2466217404">
        <zone name="AnimalPig" smin="0" smax="0" dmin="1" dmax="1" x="1065" z="7162.5" r="120"/>
    </territory>
    <territory color="2315222460">
        <zone name="AnimalPig" smin="0" smax="0" dmin="1" dmax="1" x="4647.86" z="7390.71" r="120"/>
    </territory>
    <territory color="2264890812">
        <zone name="AnimalPig" smin="0" smax="0" dmin="1" dmax="1" x="7601.25" z="4646.25" r="100"/>
    </territory>
    <territory color="2550103484">
        <zone name="AnimalPig" smin="0" smax="0" dmin="1" dmax="1" x="4907.5" z="12825" r="50"/>
    </territory>
</territory-type>
