<?xml version="1.0" encoding="UTF-8"?>
<territory-type>
    <territory color="2835407340">
        <zone name="AnimalRoeDeer" smin="0" smax="0" dmin="1" dmax="2" x="5153.57" z="670.714" r="100"/>
    </territory>
    <territory color="2952847852">
        <zone name="AnimalRoeDeer" smin="0" smax="0" dmin="1" dmax="2" x="1250" z="4140" r="100"/>
    </territory>
    <territory color="2600526316">
        <zone name="AnimalRoeDeer" smin="0" smax="0" dmin="1" dmax="2" x="1282.5" z="3200" r="100"/>
    </territory>
    <territory color="2483085804">
        <zone name="AnimalRoeDeer" smin="0" smax="0" dmin="1" dmax="2" x="1655" z="5417.5" r="100"/>
    </territory>
    <territory color="2801852908">
        <zone name="AnimalRoeDeer" smin="0" smax="0" dmin="1" dmax="2" x="3062.5" z="3545" r="100"/>
    </territory>
    <territory color="2566971884">
        <zone name="AnimalRoeDeer" smin="0" smax="0" dmin="1" dmax="2" x="13405" z="5615" r="75"/>
    </territory>
    <territory color="2533417452">
        <zone name="AnimalRoeDeer" smin="0" smax="0" dmin="1" dmax="2" x="1903.33" z="3745" r="100"/>
    </territory>
    <territory color="2248204780">
        <zone name="AnimalRoeDeer" smin="0" smax="0" dmin="1" dmax="2" x="6347.5" z="4542.5" r="100"/>
    </territory>
    <territory color="2751521260">
        <zone name="AnimalRoeDeer" smin="0" smax="0" dmin="1" dmax="2" x="1839" z="2136" r="100"/>
    </territory>
    <territory color="2449531372">
        <zone name="AnimalRoeDeer" smin="0" smax="0" dmin="1" dmax="2" x="367.5" z="5919" r="100"/>
    </territory>
    <territory color="2181095916">
        <zone name="AnimalRoeDeer" smin="0" smax="0" dmin="1" dmax="2" x="6180" z="6915" r="100"/>
    </territory>
    <territory color="2650857964">
        <zone name="AnimalRoeDeer" smin="0" smax="0" dmin="1" dmax="2" x="1058.57" z="137.143" r="100"/>
    </territory>
    <territory color="2365645292">
        <zone name="AnimalRoeDeer" smin="0" smax="0" dmin="1" dmax="2" x="4470" z="7601.25" r="100"/>
    </territory>
    <territory color="2868961772">
        <zone name="AnimalRoeDeer" smin="0" smax="0" dmin="1" dmax="2" x="3857.14" z="2318.57" r="100"/>
    </territory>
    <territory color="2214650348">
        <zone name="AnimalRoeDeer" smin="0" smax="0" dmin="1" dmax="2" x="5273.75" z="9420" r="50"/>
    </territory>
    <territory color="2382422508">
        <zone name="AnimalRoeDeer" smin="0" smax="0" dmin="1" dmax="2" x="3177.5" z="6570" r="100"/>
    </territory>
    <territory color="2298536428">
        <zone name="AnimalRoeDeer" smin="0" smax="0" dmin="1" dmax="2" x="4167.5" z="5395" r="100"/>
    </territory>
    <territory color="2684412396">
        <zone name="AnimalRoeDeer" smin="0" smax="0" dmin="1" dmax="2" x="2207.5" z="217.5" r="100"/>
    </territory>
    <territory color="2919293420">
        <zone name="AnimalRoeDeer" smin="0" smax="0" dmin="1" dmax="2" x="7112.5" z="2540" r="100"/>
    </territory>
    <territory color="3003179500">
        <zone name="AnimalRoeDeer" smin="0" smax="0" dmin="1" dmax="2" x="175" z="10417.5" r="100"/>
    </territory>
</territory-type>
