<?xml version="1.0" encoding="UTF-8"?>
<territory-type>
    <territory color="2197815228">
        <zone name="AnimalSheep" smin="0" smax="0" dmin="1" dmax="3" x="3002.5" z="6772.5" r="125"/>
    </territory>
    <territory color="2852126652">
        <zone name="AmbientSheep" smin="0" smax="0" dmin="0" dmax="0" x="491.33" z="12338.7" r="50"/>
        <zone name="AnimalSheep" smin="0" smax="0" dmin="1" dmax="3" x="4882.5" z="5302.5" r="125"/>
    </territory>
    <territory color="2315255740">
        <zone name="AnimalSheep" smin="0" smax="0" dmin="1" dmax="3" x="4432.5" z="7380" r="125"/>
    </territory>
    <territory color="2617245628">
        <zone name="AnimalSheep" smin="0" smax="0" dmin="1" dmax="3" x="652.5" z="5685" r="125"/>
    </territory>
    <territory color="2264924092">
        <zone name="AnimalSheep" smin="0" smax="0" dmin="1" dmax="3" x="330" z="7747.5" r="125"/>
    </territory>
    <territory color="2583691196">
        <zone name="AnimalSheep" smin="0" smax="0" dmin="1" dmax="3" x="4275" z="4555" r="125"/>
    </territory>
    <territory color="2382364604">
        <zone name="AnimalSheep" smin="0" smax="0" dmin="1" dmax="3" x="4995" z="6637.5" r="125"/>
    </territory>
    <territory color="2499805116">
        <zone name="AnimalSheep" smin="0" smax="0" dmin="1" dmax="3" x="6832.5" z="4567.5" r="125"/>
    </territory>
    <territory color="2466250684">
        <zone name="AnimalSheep" smin="0" smax="0" dmin="1" dmax="3" x="6675" z="6630" r="125"/>
    </territory>
    <territory color="2550136764">
        <zone name="AnimalSheep" smin="0" smax="0" dmin="1" dmax="3" x="5347.5" z="4342.5" r="125"/>
    </territory>
    <territory color="2231369660">
        <zone name="AnimalSheep" smin="0" smax="0" dmin="1" dmax="3" x="2445" z="7042.5" r="125"/>
    </territory>
</territory-type>
