<?xml version="1.0" encoding="UTF-8"?>
<territory-type>
    <territory color="2533359871">
        <zone name="AnimalWildBoar" smin="0" smax="0" dmin="1" dmax="2" x="2625" z="585" r="100"/>
    </territory>
    <territory color="2264924415">
        <zone name="AnimalWildBoar" smin="0" smax="0" dmin="1" dmax="2" x="4220.25" z="9094.5" r="50"/>
    </territory>
    <territory color="2566914303">
        <zone name="AnimalWildBoar" smin="0" smax="0" dmin="1" dmax="2" x="5505" z="435" r="100"/>
    </territory>
    <territory color="2483028223">
        <zone name="AnimalWildBoar" smin="0" smax="0" dmin="1" dmax="2" x="300" z="480" r="100"/>
    </territory>
    <territory color="2952790271">
        <zone name="AnimalWildBoar" smin="0" smax="0" dmin="1" dmax="2" x="165" z="10905" r="100"/>
    </territory>
    <territory color="2181038335">
        <zone name="AnimalWildBoar" smin="0" smax="0" dmin="1" dmax="2" x="2445" z="5610" r="100"/>
    </territory>
    <territory color="2634023167">
        <zone name="AnimalWildBoar" smin="0" smax="0" dmin="1" dmax="2" x="2197.5" z="3806.25" r="100"/>
    </territory>
    <territory color="2717909247">
        <zone name="AnimalWildBoar" smin="0" smax="0" dmin="1" dmax="2" x="6510" z="2655" r="100"/>
    </territory>
    <territory color="2298478847">
        <zone name="AnimalWildBoar" smin="0" smax="0" dmin="1" dmax="2" x="6112.5" z="6750" r="100"/>
    </territory>
    <territory color="2449473791">
        <zone name="AnimalWildBoar" smin="0" smax="0" dmin="1" dmax="2" x="510" z="2707.5" r="100"/>
    </territory>
    <territory color="2365587711">
        <zone name="AnimalWildBoar" smin="0" smax="0" dmin="1" dmax="2" x="345" z="6450" r="100"/>
    </territory>
    <territory color="2835349759">
        <zone name="AnimalWildBoar" smin="0" smax="0" dmin="1" dmax="2" x="10368.8" z="7402.5" r="75"/>
    </territory>
    <territory color="2801795327">
        <zone name="AnimalWildBoar" smin="0" smax="0" dmin="1" dmax="2" x="8336.25" z="858.75" r="100"/>
    </territory>
    <territory color="2214592767">
        <zone name="AnimalWildBoar" smin="0" smax="0" dmin="1" dmax="2" x="5235" z="2880" r="100"/>
    </territory>
    <territory color="2600468735">
        <zone name="AnimalWildBoar" smin="0" smax="0" dmin="1" dmax="2" x="3798.75" z="2328.75" r="100"/>
    </territory>
    <territory color="3070230783">
        <zone name="AnimalWildBoar" smin="0" smax="0" dmin="1" dmax="2" x="930" z="4740" r="100"/>
    </territory>
    <territory color="2415919359">
        <zone name="AnimalWildBoar" smin="0" smax="0" dmin="1" dmax="2" x="2437.5" z="7417.5" r="100"/>
    </territory>
    <territory color="2684354815">
        <zone name="AnimalWildBoar" smin="0" smax="0" dmin="1" dmax="2" x="795" z="1815" r="100"/>
    </territory>
    <territory color="2885681407">
        <zone name="AnimalWildBoar" smin="0" smax="0" dmin="1" dmax="2" x="4346.25" z="7222.5" r="100"/>
    </territory>
</territory-type>
