<?xml version="1.0" encoding="UTF-8"?>
<territory-type>
    <territory color="1794965508">
        <zone name="InfectedPolice" smin="0" smax="0" dmin="2" dmax="4" x="340" z="7598.33" r="50"/>
        <zone name="InfectedPolice" smin="0" smax="0" dmin="2" dmax="4" x="2302.5" z="8080.5" r="50"/>
        <zone name="InfectedPolice" smin="0" smax="0" dmin="2" dmax="4" x="4499" z="7374" r="50"/>
        <zone name="InfectedPolice" smin="0" smax="0" dmin="2" dmax="4" x="6918" z="6573" r="50"/>
        <zone name="InfectedPolice" smin="0" smax="0" dmin="2" dmax="4" x="7165.5" z="6801" r="50"/>
        <zone name="InfectedPolice" smin="0" smax="0" dmin="4" dmax="8" x="4711.5" z="6414" r="50"/>
        <zone name="InfectedPolice" smin="0" smax="0" dmin="2" dmax="4" x="2037" z="2955" r="50"/>
        <zone name="InfectedPolice" smin="0" smax="0" dmin="2" dmax="4" x="2037" z="2598" r="50"/>
        <zone name="InfectedPolice" smin="0" smax="0" dmin="2" dmax="4" x="3043.5" z="2283" r="50"/>
        <zone name="InfectedPolice" smin="0" smax="0" dmin="2" dmax="4" x="3126" z="2412" r="50"/>
        <zone name="InfectedPolice" smin="0" smax="0" dmin="2" dmax="4" x="3232.5" z="2238" r="50"/>
        <zone name="InfectedPolice" smin="0" smax="0" dmin="2" dmax="4" x="6516" z="2068.5" r="50"/>
        <zone name="InfectedPolice" smin="0" smax="0" dmin="2" dmax="4" x="546" z="553.5" r="50"/>
        <zone name="InfectedPolice" smin="0" smax="0" dmin="2" dmax="4" x="3174" z="210" r="50"/>
        <zone name="InfectedPolice" smin="0" smax="0" dmin="5" dmax="10" x="4503.33" z="7088.33" r="50"/>
        <zone name="InfectedPolice" smin="0" smax="0" dmin="3" dmax="5" x="2779.5" z="2067" r="50"/>
        <zone name="InfectedPolice" smin="0" smax="0" dmin="2" dmax="4" x="3529.5" z="4087.5" r="50"/>
        <zone name="InfectedPolice" smin="0" smax="0" dmin="2" dmax="4" x="2376.25" z="13525" r="50"/>
        <zone name="InfectedPolice" smin="0" smax="0" dmin="2" dmax="4" x="4992.5" z="8810" r="50"/>
        <zone name="InfectedPolice" smin="0" smax="0" dmin="2" dmax="4" x="11398.5" z="5790" r="50"/>
        <zone name="InfectedPolice" smin="0" smax="0" dmin="3" dmax="5" x="10314" z="6730.5" r="50"/>
        <zone name="InfectedPolice" smin="0" smax="0" dmin="2" dmax="4" x="12003.5" z="6448" r="50"/>
    </territory>
    <territory color="2558288460">
        <zone name="InfectedVillage" smin="0" smax="0" dmin="3" dmax="5" x="2546.67" z="2391.67" r="100"/>
        <zone name="InfectedVillage" smin="0" smax="0" dmin="3" dmax="5" x="3001.67" z="2506.67" r="100"/>
        <zone name="InfectedVillage" smin="0" smax="0" dmin="3" dmax="5" x="2750" z="2631.67" r="100"/>
        <zone name="InfectedVillage" smin="0" smax="0" dmin="3" dmax="5" x="3250" z="2366.67" r="100"/>
        <zone name="InfectedVillage" smin="0" smax="0" dmin="3" dmax="5" x="3440" z="2083.33" r="100"/>
        <zone name="InfectedVillage" smin="0" smax="0" dmin="3" dmax="5" x="3351.67" z="1886.67" r="100"/>
        <zone name="InfectedVillage" smin="0" smax="0" dmin="2" dmax="5" x="1100" z="7213.75" r="50"/>
        <zone name="InfectedVillage" smin="0" smax="0" dmin="2" dmax="5" x="1136.25" z="7135" r="50"/>
        <zone name="InfectedVillage" smin="0" smax="0" dmin="2" dmax="5" x="2201.25" z="8142.5" r="50"/>
        <zone name="InfectedVillage" smin="0" smax="0" dmin="2" dmax="5" x="2261.25" z="8042.5" r="50"/>
        <zone name="InfectedVillage" smin="0" smax="0" dmin="2" dmax="5" x="2383.75" z="7705" r="50"/>
        <zone name="InfectedVillage" smin="0" smax="0" dmin="2" dmax="5" x="2368.75" z="8068.75" r="50"/>
        <zone name="InfectedVillage" smin="0" smax="0" dmin="2" dmax="5" x="2456.25" z="8378.75" r="50"/>
        <zone name="InfectedVillage" smin="0" smax="0" dmin="2" dmax="5" x="2538.75" z="8330" r="50"/>
        <zone name="InfectedVillage" smin="0" smax="0" dmin="2" dmax="5" x="1501.25" z="6188.75" r="50"/>
        <zone name="InfectedVillage" smin="0" smax="0" dmin="2" dmax="5" x="2643.75" z="5052.5" r="50"/>
        <zone name="InfectedVillage" smin="0" smax="0" dmin="2" dmax="5" x="3107.5" z="6782.5" r="50"/>
        <zone name="InfectedVillage" smin="0" smax="0" dmin="3" dmax="5" x="3387" z="5124" r="75"/>
        <zone name="InfectedVillage" smin="0" smax="0" dmin="3" dmax="6" x="4332.27" z="7674.55" r="75"/>
        <zone name="InfectedVillage" smin="0" smax="0" dmin="5" dmax="10" x="2398.33" z="7036.67" r="125"/>
        <zone name="InfectedVillage" smin="0" smax="0" dmin="5" dmax="10" x="1659" z="6097.5" r="125"/>
        <zone name="InfectedVillage" smin="0" smax="0" dmin="5" dmax="10" x="496.154" z="7606.15" r="125"/>
        <zone name="InfectedVillage" smin="0" smax="0" dmin="4" dmax="8" x="3664.62" z="5598.46" r="150"/>
        <zone name="InfectedVillage" smin="0" smax="0" dmin="4" dmax="8" x="8268.75" z="3035.63" r="50"/>
        <zone name="InfectedVillage" smin="0" smax="0" dmin="2" dmax="5" x="495" z="1212" r="50"/>
        <zone name="InfectedVillage" smin="0" smax="0" dmin="2" dmax="5" x="462" z="1119" r="50"/>
        <zone name="InfectedVillage" smin="0" smax="0" dmin="2" dmax="5" x="450" z="570" r="50"/>
        <zone name="InfectedVillage" smin="0" smax="0" dmin="2" dmax="5" x="498" z="450" r="50"/>
        <zone name="InfectedVillage" smin="0" smax="0" dmin="2" dmax="5" x="2556" z="582" r="50"/>
        <zone name="InfectedVillage" smin="0" smax="0" dmin="2" dmax="5" x="2862" z="252" r="50"/>
        <zone name="InfectedVillage" smin="0" smax="0" dmin="2" dmax="5" x="2991" z="237" r="50"/>
        <zone name="InfectedVillage" smin="0" smax="0" dmin="2" dmax="5" x="2952" z="315" r="50"/>
        <zone name="InfectedVillage" smin="0" smax="0" dmin="2" dmax="5" x="3138" z="132" r="50"/>
        <zone name="InfectedVillage" smin="0" smax="0" dmin="2" dmax="5" x="3054" z="504" r="50"/>
        <zone name="InfectedVillage" smin="0" smax="0" dmin="2" dmax="5" x="3168" z="549" r="50"/>
        <zone name="InfectedVillage" smin="0" smax="0" dmin="2" dmax="5" x="4254" z="327" r="50"/>
        <zone name="InfectedVillage" smin="0" smax="0" dmin="2" dmax="5" x="4521" z="276" r="50"/>
        <zone name="InfectedVillage" smin="0" smax="0" dmin="2" dmax="5" x="4344" z="754.5" r="50"/>
        <zone name="InfectedCity" smin="0" smax="0" dmin="2" dmax="5" x="456" z="1005" r="50"/>
        <zone name="InfectedVillage" smin="0" smax="0" dmin="5" dmax="10" x="190.714" z="9062.14" r="50"/>
        <zone name="InfectedVillage" smin="0" smax="0" dmin="5" dmax="10" x="306.25" z="9140" r="50"/>
        <zone name="InfectedVillage" smin="0" smax="0" dmin="5" dmax="10" x="420" z="9118.5" r="50"/>
        <zone name="InfectedVillage" smin="0" smax="0" dmin="5" dmax="10" x="1534.5" z="9687" r="50"/>
        <zone name="InfectedVillage" smin="0" smax="0" dmin="5" dmax="10" x="1612.5" z="9552" r="50"/>
        <zone name="InfectedVillage" smin="0" smax="0" dmin="5" dmax="10" x="1783.5" z="9597" r="50"/>
        <zone name="InfectedVillage" smin="0" smax="0" dmin="5" dmax="10" x="1945.5" z="9604.5" r="50"/>
        <zone name="InfectedVillage" smin="0" smax="0" dmin="5" dmax="10" x="2055" z="9618" r="50"/>
        <zone name="InfectedVillage" smin="0" smax="0" dmin="5" dmax="10" x="2809.5" z="10353" r="50"/>
        <zone name="InfectedVillage" smin="0" smax="0" dmin="5" dmax="10" x="3084" z="11137.5" r="50"/>
        <zone name="InfectedVillage" smin="0" smax="0" dmin="5" dmax="10" x="3118.5" z="11239.5" r="50"/>
        <zone name="InfectedVillage" smin="0" smax="0" dmin="5" dmax="10" x="3169.5" z="11299.5" r="50"/>
        <zone name="InfectedVillage" smin="0" smax="0" dmin="5" dmax="10" x="3211.5" z="11368.5" r="50"/>
        <zone name="InfectedVillage" smin="0" smax="0" dmin="5" dmax="10" x="3876" z="12382.5" r="50"/>
        <zone name="InfectedVillage" smin="0" smax="0" dmin="5" dmax="10" x="3733.5" z="12712.5" r="50"/>
        <zone name="InfectedVillage" smin="0" smax="0" dmin="5" dmax="10" x="4257" z="12774" r="50"/>
        <zone name="InfectedVillage" smin="0" smax="0" dmin="5" dmax="10" x="4039.5" z="12253.5" r="50"/>
        <zone name="InfectedVillage" smin="0" smax="0" dmin="5" dmax="10" x="4672.5" z="14182.5" r="50"/>
        <zone name="InfectedVillage" smin="0" smax="0" dmin="5" dmax="10" x="4638" z="14248.5" r="50"/>
        <zone name="InfectedVillage" smin="0" smax="0" dmin="5" dmax="10" x="4660.5" z="14458.5" r="50"/>
        <zone name="InfectedVillage" smin="0" smax="0" dmin="5" dmax="10" x="4804.5" z="14188.5" r="50"/>
        <zone name="InfectedVillage" smin="0" smax="0" dmin="5" dmax="10" x="1948.5" z="14854.5" r="50"/>
        <zone name="InfectedVillage" smin="0" smax="0" dmin="5" dmax="10" x="1758" z="14854.5" r="50"/>
        <zone name="InfectedVillage" smin="0" smax="0" dmin="5" dmax="10" x="1573.5" z="14770.5" r="50"/>
        <zone name="InfectedVillage" smin="0" smax="0" dmin="5" dmax="10" x="1426.5" z="14841" r="50"/>
        <zone name="InfectedVillage" smin="0" smax="0" dmin="5" dmax="10" x="1411.5" z="15126" r="50"/>
        <zone name="InfectedVillage" smin="0" smax="0" dmin="5" dmax="10" x="1182" z="14814" r="50"/>
        <zone name="InfectedVillage" smin="0" smax="0" dmin="5" dmax="10" x="922.5" z="14896.5" r="50"/>
        <zone name="InfectedVillage" smin="0" smax="0" dmin="5" dmax="10" x="714" z="14929.5" r="50"/>
        <zone name="InfectedVillage" smin="0" smax="0" dmin="5" dmax="10" x="973.5" z="9760.5" r="50"/>
        <zone name="InfectedVillage" smin="0" smax="0" dmin="5" dmax="10" x="945" z="9867" r="50"/>
        <zone name="InfectedVillage" smin="0" smax="0" dmin="5" dmax="10" x="1546.5" z="13572" r="50"/>
        <zone name="InfectedVillage" smin="0" smax="0" dmin="3" dmax="5" x="3828.2" z="9132.61" r="50"/>
        <zone name="InfectedVillage" smin="0" smax="0" dmin="3" dmax="4" x="4567.5" z="9699" r="50"/>
        <zone name="InfectedVillage" smin="0" smax="0" dmin="2" dmax="4" x="4641" z="9675" r="50"/>
        <zone name="InfectedVillage" smin="0" smax="0" dmin="3" dmax="4" x="4722" z="9690" r="50"/>
        <zone name="InfectedVillage" smin="0" smax="0" dmin="2" dmax="4" x="4821" z="9670.5" r="50"/>
        <zone name="InfectedVillage" smin="0" smax="0" dmin="3" dmax="4" x="4824" z="9568.5" r="50"/>
        <zone name="InfectedVillage" smin="0" smax="0" dmin="3" dmax="5" x="5680.5" z="8856" r="50"/>
        <zone name="InfectedVillage" smin="0" smax="0" dmin="3" dmax="5" x="5725.5" z="8782.5" r="50"/>
        <zone name="InfectedVillage" smin="0" smax="0" dmin="2" dmax="4" x="5604" z="8505" r="50"/>
        <zone name="InfectedVillage" smin="0" smax="0" dmin="3" dmax="4" x="5655" z="8460" r="50"/>
        <zone name="InfectedVillage" smin="0" smax="0" dmin="2" dmax="4" x="5703" z="8511" r="50"/>
        <zone name="InfectedVillage" smin="0" smax="0" dmin="3" dmax="4" x="5617.5" z="8574" r="50"/>
        <zone name="InfectedVillage" smin="0" smax="0" dmin="3" dmax="5" x="9877.06" z="7236.18" r="50"/>
        <zone name="InfectedVillage" smin="0" smax="0" dmin="3" dmax="5" x="9982.94" z="7103.82" r="50"/>
        <zone name="InfectedVillage" smin="0" smax="0" dmin="3" dmax="5" x="10071.2" z="7252.94" r="50"/>
        <zone name="InfectedVillage" smin="0" smax="0" dmin="4" dmax="4" x="10124.1" z="7276.76" r="50"/>
        <zone name="InfectedVillage" smin="0" smax="0" dmin="3" dmax="5" x="10185" z="7255.59" r="50"/>
        <zone name="InfectedVillage" smin="0" smax="0" dmin="3" dmax="5" x="10250.3" z="7197.35" r="50"/>
        <zone name="InfectedVillage" smin="0" smax="0" dmin="3" dmax="5" x="10322.6" z="7252.06" r="50"/>
        <zone name="InfectedVillage" smin="0" smax="0" dmin="3" dmax="5" x="10355.3" z="6865.59" r="50"/>
        <zone name="InfectedVillage" smin="0" smax="0" dmin="2" dmax="4" x="10418.8" z="6875.29" r="50"/>
        <zone name="InfectedVillage" smin="0" smax="0" dmin="3" dmax="5" x="10498.2" z="6827.65" r="50"/>
        <zone name="InfectedVillage" smin="0" smax="0" dmin="3" dmax="5" x="10587.4" z="6067.06" r="50"/>
        <zone name="InfectedVillage" smin="0" smax="0" dmin="2" dmax="4" x="11264.1" z="5842.94" r="50"/>
        <zone name="InfectedVillage" smin="0" smax="0" dmin="3" dmax="5" x="11317.9" z="5863.24" r="50"/>
        <zone name="InfectedVillage" smin="0" smax="0" dmin="3" dmax="5" x="11443.2" z="5804.12" r="50"/>
        <zone name="InfectedVillage" smin="0" smax="0" dmin="2" dmax="4" x="11392.1" z="5997.35" r="50"/>
        <zone name="InfectedVillage" smin="0" smax="0" dmin="2" dmax="4" x="11297.6" z="5972.65" r="50"/>
        <zone name="InfectedVillage" smin="0" smax="0" dmin="2" dmax="4" x="11226.2" z="5950.59" r="50"/>
        <zone name="InfectedVillage" smin="0" smax="0" dmin="3" dmax="5" x="10224" z="7513" r="50"/>
        <zone name="InfectedVillage" smin="0" smax="0" dmin="3" dmax="5" x="9966" z="7220" r="50"/>
        <zone name="InfectedVillage" smin="0" smax="0" dmin="3" dmax="5" x="11249" z="6613" r="50"/>
        <zone name="InfectedVillage" smin="0" smax="0" dmin="3" dmax="5" x="11553" z="6370" r="50"/>
        <zone name="InfectedVillage" smin="0" smax="0" dmin="3" dmax="5" x="11729" z="6346" r="50"/>
        <zone name="InfectedVillage" smin="0" smax="0" dmin="3" dmax="5" x="11837" z="6272" r="50"/>
        <zone name="InfectedVillage" smin="0" smax="0" dmin="2" dmax="4" x="12085" z="6526" r="50"/>
        <zone name="InfectedVillage" smin="0" smax="0" dmin="2" dmax="4" x="12106" z="6490" r="50"/>
        <zone name="InfectedVillage" smin="0" smax="0" dmin="2" dmax="4" x="12155" z="6465" r="50"/>
        <zone name="InfectedVillage" smin="0" smax="0" dmin="3" dmax="5" x="11927" z="6722" r="50"/>
        <zone name="InfectedVillage" smin="0" smax="0" dmin="3" dmax="5" x="12048" z="6822" r="50"/>
        <zone name="InfectedVillage" smin="0" smax="0" dmin="3" dmax="5" x="11906" z="6900" r="50"/>
        <zone name="InfectedVillage" smin="0" smax="0" dmin="3" dmax="5" x="11776" z="6883" r="50"/>
        <zone name="InfectedVillage" smin="0" smax="0" dmin="3" dmax="5" x="11621" z="6660" r="50"/>
        <zone name="InfectedVillage" smin="0" smax="0" dmin="3" dmax="5" x="12099" z="6098" r="50"/>
        <zone name="InfectedVillage" smin="0" smax="0" dmin="3" dmax="5" x="12109" z="5860" r="50"/>
        <zone name="InfectedVillage" smin="0" smax="0" dmin="2" dmax="4" x="13563" z="5563" r="50"/>
        <zone name="InfectedArmy" smin="0" smax="0" dmin="5" dmax="10" x="2572.5" z="10365" r="50"/>
        <zone name="InfectedArmy" smin="0" smax="0" dmin="5" dmax="10" x="2317.5" z="10301.3" r="50"/>
        <zone name="InfectedArmy" smin="0" smax="0" dmin="5" dmax="10" x="1927.5" z="10308.8" r="50"/>
        <zone name="InfectedArmy" smin="0" smax="0" dmin="5" dmax="10" x="1053.75" z="10020" r="50"/>
        <zone name="InfectedArmy" smin="0" smax="0" dmin="5" dmax="10" x="1170" z="9918.75" r="50"/>
        <zone name="InfectedArmy" smin="0" smax="0" dmin="5" dmax="10" x="1128.75" z="9802.5" r="50"/>
        <zone name="InfectedArmy" smin="0" smax="0" dmin="5" dmax="10" x="1931.25" z="10548.8" r="50"/>
        <zone name="InfectedArmy" smin="0" smax="0" dmin="5" dmax="10" x="1968.75" z="10815" r="50"/>
        <zone name="InfectedArmy" smin="0" smax="0" dmin="5" dmax="10" x="2167.5" z="10856.3" r="50"/>
        <zone name="InfectedArmy" smin="0" smax="0" dmin="5" dmax="10" x="2287.5" z="10845" r="50"/>
        <zone name="InfectedArmy" smin="0" smax="0" dmin="5" dmax="10" x="2321.25" z="11115" r="50"/>
        <zone name="InfectedArmy" smin="0" smax="0" dmin="5" dmax="10" x="2643.75" z="10931.3" r="50"/>
        <zone name="InfectedArmy" smin="0" smax="0" dmin="5" dmax="10" x="2790" z="10965" r="50"/>
        <zone name="InfectedArmy" smin="0" smax="0" dmin="5" dmax="10" x="2943.75" z="10953.8" r="50"/>
        <zone name="InfectedArmy" smin="0" smax="0" dmin="5" dmax="10" x="10158.8" z="7931.25" r="50"/>
        <zone name="InfectedArmy" smin="0" smax="0" dmin="5" dmax="10" x="10125" z="8085" r="50"/>
        <zone name="InfectedArmy" smin="0" smax="0" dmin="5" dmax="10" x="10230" z="8220" r="50"/>
    </territory>
    <territory color="900817428">
        <zone name="InfectedFirefighter" smin="0" smax="0" dmin="3" dmax="5" x="510" z="7545" r="75"/>
        <zone name="InfectedFirefighter" smin="0" smax="0" dmin="3" dmax="5" x="6945" z="6570" r="75"/>
        <zone name="InfectedFirefighter" smin="0" smax="0" dmin="3" dmax="5" x="4815" z="6575" r="75"/>
        <zone name="InfectedFirefighter" smin="0" smax="0" dmin="3" dmax="5" x="4792.5" z="4755" r="75"/>
        <zone name="InfectedFirefighter" smin="0" smax="0" dmin="3" dmax="5" x="1927.5" z="2932.5" r="75"/>
        <zone name="InfectedFirefighter" smin="0" smax="0" dmin="3" dmax="5" x="1987.5" z="2402.5" r="75"/>
        <zone name="InfectedFirefighter" smin="0" smax="0" dmin="3" dmax="5" x="3130" z="2232.5" r="75"/>
        <zone name="InfectedFirefighter" smin="0" smax="0" dmin="3" dmax="5" x="3102.5" z="422.5" r="75"/>
        <zone name="InfectedFirefighter" smin="0" smax="0" dmin="3" dmax="5" x="1080" z="10122.5" r="50"/>
        <zone name="InfectedFirefighter" smin="0" smax="0" dmin="3" dmax="5" x="10281.7" z="8120" r="75"/>
    </territory>
    <territory color="935249677">
        <zone name="InfectedCity" smin="0" smax="0" dmin="4" dmax="8" x="2300.63" z="2430" r="100"/>
        <zone name="InfectedCity" smin="0" smax="0" dmin="4" dmax="8" x="2553.75" z="2561.25" r="100"/>
        <zone name="InfectedCity" smin="0" smax="0" dmin="4" dmax="8" x="2797.5" z="2416.88" r="100"/>
        <zone name="InfectedCity" smin="0" smax="0" dmin="4" dmax="8" x="3048.75" z="2287.5" r="100"/>
        <zone name="InfectedCity" smin="0" smax="0" dmin="4" dmax="8" x="3253.13" z="2090.63" r="100"/>
        <zone name="InfectedCity" smin="0" smax="0" dmin="4" dmax="8" x="3448.13" z="2293.13" r="100"/>
        <zone name="InfectedCity" smin="0" smax="0" dmin="4" dmax="8" x="3620.63" z="2075.63" r="100"/>
        <zone name="InfectedCity" smin="0" smax="0" dmin="4" dmax="8" x="3436.67" z="2010" r="100"/>
        <zone name="InfectedCity" smin="0" smax="0" dmin="2" dmax="5" x="222" z="7581" r="100"/>
        <zone name="InfectedCity" smin="0" smax="0" dmin="2" dmax="5" x="2716.88" z="7223.44" r="75"/>
        <zone name="InfectedCity" smin="0" smax="0" dmin="2" dmax="5" x="2642.81" z="7189.69" r="75"/>
        <zone name="InfectedCity" smin="0" smax="0" dmin="2" dmax="5" x="2637" z="8313.5" r="75"/>
        <zone name="InfectedCity" smin="0" smax="0" dmin="2" dmax="5" x="2712" z="8248.5" r="75"/>
        <zone name="InfectedCity" smin="0" smax="0" dmin="2" dmax="5" x="2779.5" z="8199.5" r="75"/>
        <zone name="InfectedCity" smin="0" smax="0" dmin="2" dmax="5" x="4510" z="7393.75" r="100"/>
        <zone name="InfectedCity" smin="0" smax="0" dmin="2" dmax="4" x="456" z="1056" r="50"/>
        <zone name="InfectedCity" smin="0" smax="0" dmin="2" dmax="4" x="444" z="918" r="50"/>
        <zone name="InfectedCity" smin="0" smax="0" dmin="2" dmax="4" x="3108" z="240" r="100"/>
        <zone name="InfectedCity" smin="0" smax="0" dmin="2" dmax="4" x="3102" z="396" r="100"/>
        <zone name="InfectedCity" smin="0" smax="0" dmin="2" dmax="4" x="3330" z="360" r="100"/>
        <zone name="InfectedCity" smin="0" smax="0" dmin="2" dmax="4" x="3342" z="432" r="50"/>
        <zone name="InfectedCity" smin="0" smax="0" dmin="2" dmax="4" x="3288" z="294" r="50"/>
        <zone name="InfectedCity" smin="0" smax="0" dmin="2" dmax="4" x="4551" z="447" r="75"/>
        <zone name="InfectedCity" smin="0" smax="0" dmin="3" dmax="5" x="1696.67" z="9710" r="50"/>
        <zone name="InfectedCity" smin="0" smax="0" dmin="3" dmax="5" x="1693.33" z="9788.33" r="50"/>
        <zone name="InfectedCity" smin="0" smax="0" dmin="3" dmax="5" x="2796.43" z="10414.3" r="50"/>
        <zone name="InfectedCity" smin="0" smax="0" dmin="3" dmax="5" x="3032.14" z="11033.6" r="50"/>
        <zone name="InfectedCity" smin="0" smax="0" dmin="3" dmax="5" x="2976.43" z="11027.1" r="50"/>
        <zone name="InfectedCity" smin="0" smax="0" dmin="3" dmax="5" x="2871.43" z="11035.7" r="50"/>
        <zone name="InfectedCity" smin="0" smax="0" dmin="3" dmax="5" x="1037.14" z="14869.3" r="50"/>
        <zone name="InfectedCity" smin="0" smax="0" dmin="3" dmax="5" x="1549.29" z="13643.6" r="50"/>
        <zone name="InfectedCity" smin="0" smax="0" dmin="3" dmax="5" x="998.571" z="9968.57" r="50"/>
        <zone name="InfectedCity" smin="0" smax="0" dmin="3" dmax="5" x="1060.71" z="9803.57" r="50"/>
        <zone name="InfectedCity" smin="0" smax="0" dmin="2" dmax="5" x="11362.5" z="5838" r="50"/>
        <zone name="InfectedCity" smin="0" smax="0" dmin="2" dmax="5" x="11313" z="5818.5" r="50"/>
        <zone name="InfectedCity" smin="0" smax="0" dmin="2" dmax="5" x="12109.5" z="6687" r="50"/>
        <zone name="InfectedCity" smin="0" smax="0" dmin="2" dmax="5" x="12106.4" z="6360.91" r="50"/>
    </territory>
    <territory color="2192980693">
        <zone name="InfectedIndustrial" smin="0" smax="0" dmin="3" dmax="5" x="2341.25" z="2660.63" r="100"/>
        <zone name="InfectedIndustrial" smin="0" smax="0" dmin="3" dmax="5" x="3605" z="1849.17" r="100"/>
        <zone name="InfectedIndustrial" smin="0" smax="0" dmin="3" dmax="5" x="1971" z="2979" r="120"/>
        <zone name="InfectedIndustrial" smin="0" smax="0" dmin="3" dmax="5" x="3645" z="5644.29" r="75"/>
        <zone name="InfectedIndustrial" smin="0" smax="0" dmin="3" dmax="5" x="289.286" z="5393.57" r="50"/>
        <zone name="InfectedIndustrial" smin="0" smax="0" dmin="3" dmax="5" x="2363.57" z="7688.57" r="75"/>
        <zone name="InfectedIndustrial" smin="0" smax="0" dmin="2" dmax="5" x="2286.43" z="4806.43" r="50"/>
        <zone name="InfectedIndustrial" smin="0" smax="0" dmin="3" dmax="5" x="2237.14" z="4569.29" r="100"/>
        <zone name="InfectedIndustrial" smin="0" smax="0" dmin="3" dmax="5" x="2057.14" z="3996.43" r="100"/>
        <zone name="InfectedIndustrial" smin="0" smax="0" dmin="3" dmax="5" x="3861" z="5941" r="100"/>
        <zone name="InfectedIndustrial" smin="0" smax="0" dmin="4" dmax="8" x="4073.85" z="6173.46" r="150"/>
        <zone name="InfectedIndustrial" smin="0" smax="0" dmin="3" dmax="5" x="8348.57" z="2891.79" r="50"/>
        <zone name="InfectedIndustrial" smin="0" smax="0" dmin="3" dmax="5" x="8223.21" z="525.178" r="50"/>
        <zone name="InfectedIndustrial" smin="0" smax="0" dmin="3" dmax="5" x="8147.5" z="655" r="50"/>
        <zone name="InfectedIndustrial" smin="0" smax="0" dmin="3" dmax="5" x="590" z="515" r="100"/>
        <zone name="InfectedIndustrial" smin="0" smax="0" dmin="3" dmax="5" x="980" z="9320" r="50"/>
        <zone name="InfectedIndustrial" smin="0" smax="0" dmin="3" dmax="5" x="2965" z="11128.3" r="50"/>
        <zone name="InfectedIndustrial" smin="0" smax="0" dmin="3" dmax="5" x="3327.69" z="11548.8" r="50"/>
        <zone name="InfectedIndustrial" smin="0" smax="0" dmin="3" dmax="5" x="3933.46" z="12249.2" r="50"/>
        <zone name="InfectedIndustrial" smin="0" smax="0" dmin="3" dmax="5" x="4339.62" z="12808.8" r="50"/>
        <zone name="InfectedIndustrial" smin="0" smax="0" dmin="3" dmax="5" x="4520.77" z="12381.9" r="50"/>
        <zone name="InfectedIndustrial" smin="0" smax="0" dmin="3" dmax="5" x="4676.54" z="12639.2" r="50"/>
        <zone name="InfectedIndustrial" smin="0" smax="0" dmin="3" dmax="5" x="4644.23" z="12770.8" r="50"/>
        <zone name="InfectedIndustrial" smin="0" smax="0" dmin="3" dmax="5" x="4701.92" z="12834.2" r="50"/>
        <zone name="InfectedIndustrial" smin="0" smax="0" dmin="3" dmax="6" x="5479.62" z="13545" r="50"/>
        <zone name="InfectedIndustrial" smin="0" smax="0" dmin="3" dmax="6" x="5170.38" z="13716.9" r="50"/>
        <zone name="InfectedIndustrial" smin="0" smax="0" dmin="3" dmax="5" x="5271.92" z="13898.1" r="50"/>
        <zone name="InfectedIndustrial" smin="0" smax="0" dmin="3" dmax="5" x="5276.54" z="13798.8" r="50"/>
        <zone name="InfectedIndustrial" smin="0" smax="0" dmin="3" dmax="5" x="5033.08" z="13851.9" r="50"/>
        <zone name="InfectedIndustrial" smin="0" smax="0" dmin="3" dmax="5" x="4967.31" z="14203.8" r="50"/>
        <zone name="InfectedIndustrial" smin="0" smax="0" dmin="3" dmax="5" x="4395" z="14335.4" r="50"/>
        <zone name="InfectedIndustrial" smin="0" smax="0" dmin="3" dmax="5" x="4442.31" z="14456.5" r="50"/>
        <zone name="InfectedIndustrial" smin="0" smax="0" dmin="3" dmax="5" x="4677.69" z="14373.5" r="50"/>
        <zone name="InfectedIndustrial" smin="0" smax="0" dmin="3" dmax="5" x="2297.31" z="14802.7" r="50"/>
        <zone name="InfectedIndustrial" smin="0" smax="0" dmin="3" dmax="5" x="1084.62" z="9705" r="50"/>
        <zone name="InfectedIndustrial" smin="0" smax="0" dmin="3" dmax="5" x="1179.23" z="10083.5" r="50"/>
        <zone name="InfectedIndustrial" smin="0" smax="0" dmin="3" dmax="5" x="1069.62" z="9627.69" r="50"/>
        <zone name="InfectedIndustrial" smin="0" smax="0" dmin="3" dmax="5" x="5370" z="8981" r="50"/>
        <zone name="InfectedIndustrial" smin="0" smax="0" dmin="3" dmax="5" x="5417" z="9007" r="50"/>
        <zone name="InfectedIndustrial" smin="0" smax="0" dmin="3" dmax="5" x="5380" z="9048" r="50"/>
        <zone name="InfectedIndustrial" smin="0" smax="0" dmin="3" dmax="5" x="9597.5" z="7252.5" r="50"/>
        <zone name="InfectedIndustrial" smin="0" smax="0" dmin="2" dmax="4" x="9902.5" z="6598.75" r="50"/>
        <zone name="InfectedIndustrial" smin="0" smax="0" dmin="3" dmax="5" x="9948.75" z="6550" r="50"/>
        <zone name="InfectedIndustrial" smin="0" smax="0" dmin="2" dmax="4" x="9942.5" z="6496.25" r="50"/>
        <zone name="InfectedIndustrial" smin="0" smax="0" dmin="3" dmax="5" x="9901.25" z="6457.5" r="50"/>
        <zone name="InfectedIndustrial" smin="0" smax="0" dmin="3" dmax="5" x="10033.8" z="6337.5" r="50"/>
        <zone name="InfectedIndustrial" smin="0" smax="0" dmin="3" dmax="5" x="11260" z="5788.75" r="50"/>
        <zone name="InfectedIndustrial" smin="0" smax="0" dmin="3" dmax="5" x="10517.5" z="6572.5" r="50"/>
        <zone name="InfectedIndustrial" smin="0" smax="0" dmin="3" dmax="5" x="10517.5" z="6647.5" r="50"/>
        <zone name="InfectedIndustrial" smin="0" smax="0" dmin="2" dmax="4" x="10455" z="6618.75" r="50"/>
        <zone name="InfectedIndustrial" smin="0" smax="0" dmin="2" dmax="4" x="10568.8" z="6683.75" r="50"/>
        <zone name="InfectedIndustrial" smin="0" smax="0" dmin="3" dmax="5" x="12051.3" z="6463.75" r="50"/>
        <zone name="InfectedArmy" smin="0" smax="0" dmin="5" dmax="10" x="1927.5" z="10297.5" r="50"/>
        <zone name="InfectedArmy" smin="0" smax="0" dmin="5" dmax="10" x="1980" z="10796.3" r="50"/>
        <zone name="InfectedArmy" smin="0" smax="0" dmin="5" dmax="10" x="2310" z="10792.5" r="50"/>
        <zone name="InfectedArmy" smin="0" smax="0" dmin="5" dmax="10" x="2760" z="10946.3" r="50"/>
        <zone name="InfectedArmy" smin="0" smax="0" dmin="5" dmax="10" x="1841.25" z="9667.5" r="50"/>
        <zone name="InfectedArmy" smin="0" smax="0" dmin="5" dmax="10" x="195" z="9060" r="50"/>
    </territory>
    <territory color="419859200">
        <zone name="InfectedArmyHard" smin="0" smax="0" dmin="5" dmax="10" x="1773.2" z="15882.5" r="100"/>
        <zone name="InfectedArmyHard" smin="0" smax="0" dmin="4" dmax="8" x="2109.79" z="1010.85" r="100"/>
        <zone name="InfectedArmyHard" smin="0" smax="0" dmin="4" dmax="8" x="1990.82" z="1404.93" r="100"/>
        <zone name="InfectedArmyHard" smin="0" smax="0" dmin="4" dmax="8" x="1752.34" z="1504.36" r="100"/>
        <zone name="InfectedArmyHard" smin="0" smax="0" dmin="4" dmax="8" x="1920.57" z="1170.57" r="100"/>
        <zone name="InfectedArmyHard" smin="0" smax="0" dmin="4" dmax="8" x="2022.02" z="782.393" r="100"/>
        <zone name="InfectedArmyHard" smin="0" smax="0" dmin="3" dmax="5" x="4333.21" z="2018.93" r="50"/>
        <zone name="InfectedArmyHard" smin="0" smax="0" dmin="3" dmax="5" x="4817.14" z="1478.57" r="50"/>
        <zone name="InfectedArmyHard" smin="0" smax="0" dmin="3" dmax="5" x="4905.36" z="2013.93" r="50"/>
        <zone name="InfectedArmyHard" smin="0" smax="0" dmin="2" dmax="3" x="7833.33" z="8033.33" r="50"/>
        <zone name="InfectedArmyHard" smin="0" smax="0" dmin="2" dmax="3" x="7576.67" z="8073.33" r="50"/>
        <zone name="InfectedArmyHard" smin="0" smax="0" dmin="2" dmax="3" x="7885.83" z="7494.17" r="50"/>
        <zone name="InfectedArmyHard" smin="0" smax="0" dmin="2" dmax="3" x="7376.67" z="7673.33" r="50"/>
        <zone name="InfectedArmyHard" smin="0" smax="0" dmin="2" dmax="3" x="7760" z="7591.67" r="50"/>
        <zone name="InfectedArmy" smin="0" smax="0" dmin="5" dmax="10" x="4900" z="7653.33" r="50"/>
        <zone name="InfectedArmy" smin="0" smax="0" dmin="3" dmax="5" x="4490" z="7065.42" r="50"/>
        <zone name="InfectedArmy" smin="0" smax="0" dmin="4" dmax="8" x="3702.86" z="5620.71" r="50"/>
        <zone name="InfectedArmy" smin="0" smax="0" dmin="3" dmax="5" x="4590" z="4703.57" r="50"/>
        <zone name="InfectedArmyHard" smin="0" smax="0" dmin="3" dmax="5" x="3383.21" z="4332.86" r="50"/>
        <zone name="InfectedArmyHard" smin="0" smax="0" dmin="3" dmax="5" x="3672.86" z="4306.07" r="50"/>
        <zone name="InfectedArmyHard" smin="0" smax="0" dmin="3" dmax="5" x="3348.57" z="4062.86" r="50"/>
        <zone name="InfectedArmyHard" smin="0" smax="0" dmin="3" dmax="5" x="3742.14" z="4037.5" r="50"/>
        <zone name="InfectedArmyHard" smin="0" smax="0" dmin="3" dmax="5" x="3419.29" z="3763.57" r="50"/>
        <zone name="InfectedArmyHard" smin="0" smax="0" dmin="3" dmax="5" x="3686.79" z="3778.21" r="50"/>
        <zone name="InfectedArmy" smin="0" smax="0" dmin="3" dmax="5" x="3850.71" z="3713.57" r="50"/>
        <zone name="InfectedArmyHard" smin="0" smax="0" dmin="3" dmax="6" x="6910.71" z="1442.14" r="50"/>
        <zone name="InfectedArmyHard" smin="0" smax="0" dmin="4" dmax="8" x="8283" z="648.214" r="75"/>
        <zone name="InfectedArmyHard" smin="0" smax="0" dmin="3" dmax="5" x="3475.71" z="1692.86" r="50"/>
        <zone name="InfectedArmy" smin="0" smax="0" dmin="3" dmax="5" x="1900.71" z="3012.86" r="50"/>
        <zone name="InfectedArmy" smin="0" smax="0" dmin="4" dmax="8" x="427.5" z="4018.5" r="50"/>
        <zone name="InfectedArmyHard" smin="0" smax="0" dmin="4" dmax="8" x="549.545" z="1095" r="50"/>
        <zone name="InfectedArmy" smin="0" smax="0" dmin="3" dmax="5" x="2690.45" z="310.909" r="50"/>
        <zone name="InfectedArmy" smin="0" smax="0" dmin="4" dmax="8" x="3148.64" z="328.636" r="50"/>
        <zone name="InfectedArmyHard" smin="0" smax="0" dmin="3" dmax="5" x="3372.27" z="561.818" r="50"/>
        <zone name="InfectedArmy" smin="0" smax="0" dmin="3" dmax="5" x="3535.57" z="222.273" r="50"/>
        <zone name="InfectedArmyHard" smin="0" smax="0" dmin="3" dmax="5" x="3567.27" z="229.091" r="50"/>
        <zone name="InfectedArmyHard" smin="0" smax="0" dmin="3" dmax="5" x="1923" z="2522" r="50"/>
        <zone name="InfectedArmyHard" smin="0" smax="0" dmin="3" dmax="5" x="2410" z="2534" r="50"/>
        <zone name="InfectedArmyHard" smin="0" smax="0" dmin="3" dmax="5" x="1695" z="2587.5" r="50"/>
        <zone name="InfectedArmyHard" smin="0" smax="0" dmin="3" dmax="5" x="2781" z="2139" r="50"/>
        <zone name="InfectedArmyHard" smin="0" smax="0" dmin="3" dmax="5" x="2694" z="2193" r="50"/>
        <zone name="InfectedArmy" smin="0" smax="0" dmin="3" dmax="5" x="4481.67" z="6227.08" r="50"/>
        <zone name="InfectedArmy" smin="0" smax="0" dmin="3" dmax="5" x="521.25" z="8338.13" r="50"/>
        <zone name="InfectedArmy" smin="0" smax="0" dmin="3" dmax="5" x="110.625" z="8349.38" r="50"/>
        <zone name="InfectedArmyHard" smin="0" smax="0" dmin="3" dmax="6" x="7494" z="974" r="50"/>
        <zone name="InfectedArmyHard" smin="0" smax="0" dmin="3" dmax="6" x="7701" z="709" r="50"/>
        <zone name="InfectedArmyHard" smin="0" smax="0" dmin="5" dmax="10" x="7602" z="848.25" r="100"/>
        <zone name="InfectedArmyHard" smin="0" smax="0" dmin="5" dmax="10" x="6868" z="1124" r="175"/>
        <zone name="InfectedArmy" smin="0" smax="0" dmin="4" dmax="8" x="2377.5" z="5497.5" r="50"/>
        <zone name="InfectedArmy" smin="0" smax="0" dmin="3" dmax="6" x="8317.5" z="2971.25" r="50"/>
        <zone name="InfectedArmyHard" smin="0" smax="0" dmin="4" dmax="8" x="7601.25" z="5771.25" r="100"/>
        <zone name="InfectedArmy" smin="0" smax="0" dmin="2" dmax="5" x="3832.73" z="12178.4" r="50"/>
        <zone name="InfectedArmy" smin="0" smax="0" dmin="5" dmax="10" x="285" z="9110" r="50"/>
        <zone name="InfectedArmy" smin="0" smax="0" dmin="2" dmax="5" x="3799.09" z="12245.5" r="50"/>
        <zone name="InfectedArmy" smin="0" smax="0" dmin="2" dmax="5" x="3879.55" z="12271.4" r="50"/>
        <zone name="InfectedArmy" smin="0" smax="0" dmin="2" dmax="5" x="3875.45" z="12319.1" r="50"/>
        <zone name="InfectedArmy" smin="0" smax="0" dmin="2" dmax="5" x="4317.27" z="12192.3" r="50"/>
        <zone name="InfectedArmy" smin="0" smax="0" dmin="2" dmax="5" x="4399.09" z="12246.8" r="50"/>
        <zone name="InfectedArmy" smin="0" smax="0" dmin="2" dmax="5" x="1114.09" z="9936.82" r="50"/>
        <zone name="InfectedArmy" smin="0" smax="0" dmin="3" dmax="6" x="5146.36" z="13551.8" r="50"/>
        <zone name="InfectedArmy" smin="0" smax="0" dmin="2" dmax="5" x="5207.73" z="13555.9" r="50"/>
        <zone name="InfectedArmy" smin="0" smax="0" dmin="3" dmax="6" x="5289.55" z="13549.1" r="50"/>
        <zone name="InfectedArmy" smin="0" smax="0" dmin="2" dmax="5" x="5357.73" z="13545" r="50"/>
        <zone name="InfectedArmy" smin="0" smax="0" dmin="3" dmax="6" x="5397.27" z="13523.2" r="50"/>
        <zone name="InfectedArmy" smin="0" smax="0" dmin="2" dmax="5" x="5435.45" z="13576.4" r="50"/>
        <zone name="InfectedArmy" smin="0" smax="0" dmin="2" dmax="4" x="4515" z="9318.33" r="50"/>
        <zone name="InfectedArmy" smin="0" smax="0" dmin="3" dmax="4" x="4489.29" z="9792.86" r="50"/>
        <zone name="InfectedArmy" smin="0" smax="0" dmin="2" dmax="4" x="4473.21" z="9780" r="50"/>
        <zone name="InfectedArmy" smin="0" smax="0" dmin="3" dmax="4" x="4434.64" z="9817.5" r="50"/>
        <zone name="InfectedArmy" smin="0" smax="0" dmin="2" dmax="4" x="4466.79" z="9842.14" r="50"/>
        <zone name="InfectedArmy" smin="0" smax="0" dmin="2" dmax="4" x="4237.5" z="9808.93" r="50"/>
        <zone name="InfectedArmy" smin="0" smax="0" dmin="2" dmax="4" x="4436.79" z="9333.21" r="50"/>
        <zone name="InfectedArmy" smin="0" smax="0" dmin="2" dmax="4" x="4761.43" z="8953.93" r="50"/>
        <zone name="InfectedArmy" smin="0" smax="0" dmin="2" dmax="4" x="4861.07" z="8958.21" r="50"/>
        <zone name="InfectedArmy" smin="0" smax="0" dmin="2" dmax="4" x="4884.64" z="9057.86" r="50"/>
        <zone name="InfectedArmy" smin="0" smax="0" dmin="2" dmax="4" x="4848.21" z="8813.57" r="50"/>
        <zone name="InfectedArmy" smin="0" smax="0" dmin="2" dmax="4" x="4989.64" z="8756.79" r="50"/>
        <zone name="InfectedArmy" smin="0" smax="0" dmin="2" dmax="4" x="5160" z="8764.29" r="50"/>
        <zone name="InfectedArmy" smin="0" smax="0" dmin="2" dmax="4" x="5096.79" z="8657.14" r="50"/>
        <zone name="InfectedArmy" smin="0" smax="0" dmin="2" dmax="4" x="5138.57" z="8615.36" r="50"/>
        <zone name="InfectedArmy" smin="0" smax="0" dmin="2" dmax="4" x="5188.93" z="8623.93" r="50"/>
        <zone name="InfectedArmy" smin="0" smax="0" dmin="2" dmax="4" x="5299.29" z="9030" r="50"/>
        <zone name="InfectedArmy" smin="0" smax="0" dmin="2" dmax="4" x="5364.64" z="8561.79" r="50"/>
        <zone name="InfectedArmy" smin="0" smax="0" dmin="2" dmax="4" x="5107.5" z="8878.93" r="50"/>
        <zone name="InfectedArmy" smin="0" smax="0" dmin="2" dmax="4" x="5726.25" z="8271.96" r="50"/>
        <zone name="InfectedArmyHard" smin="0" smax="0" dmin="2" dmax="3" x="9060" z="7480.5" r="50"/>
        <zone name="InfectedArmyHard" smin="0" smax="0" dmin="2" dmax="3" x="9100" z="7482.5" r="50"/>
        <zone name="InfectedArmyHard" smin="0" smax="0" dmin="2" dmax="3" x="9085" z="7420" r="50"/>
        <zone name="InfectedArmyHard" smin="0" smax="0" dmin="3" dmax="5" x="9410.63" z="7233.13" r="50"/>
        <zone name="InfectedArmyHard" smin="0" smax="0" dmin="3" dmax="5" x="9626.25" z="7252.5" r="50"/>
        <zone name="InfectedArmyHard" smin="0" smax="0" dmin="2" dmax="3" x="11687.5" z="6537.5" r="50"/>
        <zone name="InfectedArmyHard" smin="0" smax="0" dmin="2" dmax="3" x="11733.8" z="6548.75" r="50"/>
        <zone name="InfectedArmyHard" smin="0" smax="0" dmin="2" dmax="3" x="11860" z="6511.25" r="50"/>
        <zone name="InfectedArmyHard" smin="0" smax="0" dmin="2" dmax="3" x="11898.8" z="6493.75" r="50"/>
        <zone name="InfectedArmyHard" smin="0" smax="0" dmin="2" dmax="3" x="11842.5" z="6415" r="50"/>
        <zone name="InfectedArmyHard" smin="0" smax="0" dmin="2" dmax="3" x="11801.3" z="6460" r="50"/>
        <zone name="InfectedArmyHard" smin="0" smax="0" dmin="2" dmax="3" x="11940" z="6463.75" r="50"/>
        <zone name="InfectedArmyHard" smin="0" smax="0" dmin="2" dmax="3" x="12001.3" z="6523.75" r="50"/>
        <zone name="InfectedArmyHard" smin="0" smax="0" dmin="2" dmax="3" x="11992.5" z="6427.5" r="50"/>
        <zone name="InfectedArmyHard" smin="0" smax="0" dmin="2" dmax="3" x="11813.8" z="6552.5" r="50"/>
        <zone name="InfectedArmyHard" smin="0" smax="0" dmin="3" dmax="5" x="10021.3" z="6315" r="50"/>
        <zone name="InfectedArmyHard" smin="0" smax="0" dmin="2" dmax="3" x="10880" z="5800" r="50"/>
        <zone name="InfectedArmyHard" smin="0" smax="0" dmin="2" dmax="3" x="11361.3" z="5779.25" r="50"/>
        <zone name="InfectedArmyHard" smin="0" smax="0" dmin="2" dmax="3" x="12741.3" z="5190" r="50"/>
        <zone name="InfectedArmyHard" smin="0" smax="0" dmin="2" dmax="3" x="12863.8" z="5100" r="50"/>
        <zone name="InfectedArmyHard" smin="0" smax="0" dmin="2" dmax="3" x="12910" z="5097.5" r="50"/>
        <zone name="InfectedArmyHard" smin="0" smax="0" dmin="2" dmax="3" x="13523.8" z="4993.75" r="50"/>
        <zone name="InfectedArmyHard" smin="0" smax="0" dmin="2" dmax="3" x="12156.3" z="6643.75" r="50"/>
        <zone name="InfectedArmyHard" smin="0" smax="0" dmin="2" dmax="3" x="12091.3" z="6633.75" r="50"/>
        <zone name="InfectedArmyHard" smin="0" smax="0" dmin="2" dmax="3" x="11850" z="6780.42" r="50"/>
        <zone name="InfectedArmyHard" smin="0" smax="0" dmin="2" dmax="3" x="11655" z="6618.75" r="50"/>
        <zone name="InfectedArmy" smin="0" smax="0" dmin="5" dmax="10" x="1121.25" z="10537.5" r="50"/>
        <zone name="InfectedArmy" smin="0" smax="0" dmin="5" dmax="10" x="1278.75" z="10533.8" r="50"/>
        <zone name="InfectedArmy" smin="0" smax="0" dmin="5" dmax="10" x="1451.25" z="10545" r="50"/>
        <zone name="InfectedArmyHard" smin="0" smax="0" dmin="2" dmax="3" x="10181.3" z="7856.25" r="50"/>
        <zone name="InfectedArmyHard" smin="0" smax="0" dmin="2" dmax="3" x="9988.75" z="7980" r="50"/>
        <zone name="InfectedArmyHard" smin="0" smax="0" dmin="2" dmax="3" x="9941.25" z="8123.75" r="50"/>
        <zone name="InfectedArmyHard" smin="0" smax="0" dmin="2" dmax="3" x="10001.3" z="8306.25" r="50"/>
        <zone name="InfectedArmyHard" smin="0" smax="0" dmin="2" dmax="3" x="10177.5" z="8133.75" r="50"/>
        <zone name="InfectedArmyHard" smin="0" smax="0" dmin="2" dmax="3" x="12566.3" z="8100" r="50"/>
        <zone name="InfectedArmyHard" smin="0" smax="0" dmin="2" dmax="3" x="12742.5" z="8111.25" r="50"/>
        <zone name="InfectedArmyHard" smin="0" smax="0" dmin="2" dmax="3" x="12828.8" z="8306.25" r="50"/>
        <zone name="InfectedArmyHard" smin="0" smax="0" dmin="2" dmax="3" x="12723.8" z="8298.75" r="50"/>
        <zone name="InfectedArmyHard" smin="0" smax="0" dmin="2" dmax="3" x="12468.8" z="7785" r="50"/>
        <zone name="InfectedArmyHard" smin="0" smax="0" dmin="2" dmax="3" x="12168.8" z="7530" r="50"/>
        <zone name="InfectedArmyHard" smin="0" smax="0" dmin="2" dmax="3" x="11763.8" z="7635" r="50"/>
        <zone name="InfectedArmyHard" smin="0" smax="0" dmin="2" dmax="3" x="11617.5" z="8583.75" r="50"/>
        <zone name="InfectedArmyHard" smin="0" smax="0" dmin="2" dmax="3" x="12127.5" z="8681.25" r="50"/>
        <zone name="InfectedArmyHard" smin="0" smax="0" dmin="2" dmax="3" x="11981.3" z="8321.25" r="50"/>
        <zone name="InfectedArmyHard" smin="0" smax="0" dmin="2" dmax="3" x="11373.8" z="9157.5" r="50"/>
        <zone name="InfectedArmyHard" smin="0" smax="0" dmin="2" dmax="3" x="11883.8" z="8928.75" r="50"/>
        <zone name="InfectedArmyHard" smin="0" smax="0" dmin="2" dmax="3" x="11835" z="8666.25" r="50"/>
        <zone name="InfectedArmyHard" smin="0" smax="0" dmin="2" dmax="3" x="12457.5" z="8310" r="50"/>
        <zone name="InfectedArmyHard" smin="0" smax="0" dmin="2" dmax="3" x="12360" z="8077.5" r="50"/>
        <zone name="InfectedArmyHard" smin="0" smax="0" dmin="2" dmax="3" x="11726.3" z="7957.5" r="50"/>
        <zone name="InfectedArmyHard" smin="0" smax="0" dmin="2" dmax="3" x="11535" z="8355" r="50"/>
        <zone name="InfectedArmyHard" smin="0" smax="0" dmin="2" dmax="3" x="12045" z="8021.25" r="50"/>
        <zone name="InfectedArmyHard" smin="0" smax="0" dmin="2" dmax="3" x="12060" z="7646.25" r="50"/>
        <zone name="InfectedArmyHard" smin="0" smax="0" dmin="2" dmax="3" x="12285" z="8295" r="50"/>
        <zone name="InfectedArmyHard" smin="0" smax="0" dmin="2" dmax="3" x="12431.3" z="8658.75" r="50"/>
        <zone name="InfectedArmyHard" smin="0" smax="0" dmin="2" dmax="3" x="12521.3" z="8797.5" r="50"/>
        <zone name="InfectedArmyHard" smin="0" smax="0" dmin="2" dmax="3" x="12247.5" z="8846.25" r="50"/>
        <zone name="InfectedArmyHard" smin="0" smax="0" dmin="2" dmax="3" x="7798.5" z="697.5" r="50"/>
        <zone name="InfectedArmyHard" smin="0" smax="0" dmin="2" dmax="3" x="7846.5" z="768" r="50"/>
        <zone name="InfectedArmyHard" smin="0" smax="0" dmin="2" dmax="3" x="7896" z="888.5" r="50"/>
        <zone name="InfectedArmyHard" smin="0" smax="0" dmin="2" dmax="3" x="7906.5" z="982.5" r="50"/>
        <zone name="InfectedArmyHard" smin="0" smax="0" dmin="2" dmax="3" x="11347.5" z="8355" r="50"/>
        <zone name="InfectedArmyHard" smin="0" smax="0" dmin="2" dmax="3" x="11340" z="8291.25" r="50"/>
        <zone name="InfectedArmyHard" smin="0" smax="0" dmin="2" dmax="3" x="11340" z="8265" r="50"/>
        <zone name="InfectedArmyHard" smin="0" smax="0" dmin="2" dmax="3" x="11340" z="8231.25" r="50"/>
        <zone name="InfectedArmyHard" smin="0" smax="0" dmin="2" dmax="3" x="11343.8" z="8205" r="50"/>
        <zone name="InfectedArmyHard" smin="0" smax="0" dmin="2" dmax="3" x="11351.3" z="8163.75" r="50"/>
        <zone name="InfectedArmyHard" smin="0" smax="0" dmin="2" dmax="3" x="11355" z="8137.5" r="50"/>
        <zone name="InfectedArmyHard" smin="0" smax="0" dmin="2" dmax="3" x="11362.5" z="8107.5" r="50"/>
        <zone name="InfectedArmyHard" smin="0" smax="0" dmin="2" dmax="3" x="11377.5" z="8073.75" r="50"/>
        <zone name="InfectedArmyHard" smin="0" smax="0" dmin="2" dmax="3" x="11388.8" z="8051.25" r="50"/>
        <zone name="InfectedArmyHard" smin="0" smax="0" dmin="2" dmax="3" x="11411.3" z="7998.75" r="50"/>
        <zone name="InfectedArmyHard" smin="0" smax="0" dmin="2" dmax="3" x="11460" z="7938.75" r="50"/>
        <zone name="InfectedArmyHard" smin="0" smax="0" dmin="2" dmax="3" x="11512.5" z="7860" r="50"/>
        <zone name="InfectedArmyHard" smin="0" smax="0" dmin="2" dmax="3" x="11568.8" z="7788.75" r="50"/>
        <zone name="InfectedArmyHard" smin="0" smax="0" dmin="2" dmax="3" x="11580" z="7762.5" r="50"/>
        <zone name="InfectedArmyHard" smin="0" smax="0" dmin="2" dmax="3" x="11606.3" z="7713.75" r="50"/>
        <zone name="InfectedArmyHard" smin="0" smax="0" dmin="2" dmax="3" x="11621.3" z="7691.25" r="50"/>
        <zone name="InfectedArmyHard" smin="0" smax="0" dmin="2" dmax="3" x="11640" z="7642.5" r="50"/>
        <zone name="InfectedArmyHard" smin="0" smax="0" dmin="2" dmax="3" x="11651.3" z="7597.5" r="50"/>
        <zone name="InfectedArmyHard" smin="0" smax="0" dmin="2" dmax="3" x="11291.3" z="8418.75" r="50"/>
        <zone name="InfectedArmyHard" smin="0" smax="0" dmin="2" dmax="3" x="11238.8" z="8486.25" r="50"/>
        <zone name="InfectedArmyHard" smin="0" smax="0" dmin="2" dmax="3" x="11178.8" z="8587.5" r="50"/>
        <zone name="InfectedArmyHard" smin="0" smax="0" dmin="2" dmax="3" x="11163.8" z="8662.5" r="50"/>
        <zone name="InfectedArmyHard" smin="0" smax="0" dmin="2" dmax="3" x="11148.8" z="8733.75" r="50"/>
        <zone name="InfectedArmyHard" smin="0" smax="0" dmin="2" dmax="3" x="11186.3" z="8355" r="50"/>
        <zone name="InfectedArmyHard" smin="0" smax="0" dmin="2" dmax="3" x="11197.5" z="8283.75" r="50"/>
        <zone name="InfectedArmyHard" smin="0" smax="0" dmin="2" dmax="3" x="11205" z="8238.75" r="50"/>
        <zone name="InfectedArmyHard" smin="0" smax="0" dmin="2" dmax="3" x="11208.8" z="8193.75" r="50"/>
        <zone name="InfectedArmyHard" smin="0" smax="0" dmin="2" dmax="3" x="11223.8" z="8145" r="50"/>
        <zone name="InfectedArmyHard" smin="0" smax="0" dmin="2" dmax="3" x="11231.3" z="8096.25" r="50"/>
        <zone name="InfectedArmyHard" smin="0" smax="0" dmin="2" dmax="3" x="11242.5" z="8032.5" r="50"/>
        <zone name="InfectedArmyHard" smin="0" smax="0" dmin="2" dmax="3" x="11295" z="7957.5" r="50"/>
    </territory>
    <territory color="4292796126">
        <zone name="InfectedPrisoner" smin="0" smax="0" dmin="10" dmax="15" x="2701.5" z="2073" r="75"/>
    </territory>
    <territory color="1213425864">
        <zone name="InfectedMedic" smin="0" smax="0" dmin="1" dmax="3" x="8001.67" z="7476.67" r="50"/>
        <zone name="InfectedMedic" smin="0" smax="0" dmin="2" dmax="4" x="7272.5" z="6860" r="50"/>
        <zone name="InfectedMedic" smin="0" smax="0" dmin="2" dmax="4" x="7080" z="6682.5" r="50"/>
        <zone name="InfectedMedic" smin="0" smax="0" dmin="2" dmax="4" x="6222.5" z="7276.25" r="50"/>
        <zone name="InfectedMedic" smin="0" smax="0" dmin="2" dmax="4" x="6612.86" z="5479.29" r="50"/>
        <zone name="InfectedMedic" smin="0" smax="0" dmin="2" dmax="4" x="5963.18" z="5284.09" r="50"/>
        <zone name="InfectedMedic" smin="0" smax="0" dmin="2" dmax="4" x="4822.5" z="6231" r="50"/>
        <zone name="InfectedMedic" smin="0" smax="0" dmin="2" dmax="4" x="4536.82" z="7422.27" r="50"/>
        <zone name="InfectedMedic" smin="0" smax="0" dmin="2" dmax="4" x="2685" z="7168.64" r="50"/>
        <zone name="InfectedMedic" smin="0" smax="0" dmin="2" dmax="4" x="2371.25" z="8097.5" r="50"/>
        <zone name="InfectedMedic" smin="0" smax="0" dmin="2" dmax="4" x="954.545" z="6155.45" r="50"/>
        <zone name="InfectedMedic" smin="0" smax="0" dmin="2" dmax="4" x="560" z="7426.25" r="50"/>
        <zone name="InfectedMedic" smin="0" smax="0" dmin="2" dmax="4" x="377.647" z="4039.41" r="50"/>
        <zone name="InfectedMedic" smin="0" smax="0" dmin="2" dmax="4" x="3483" z="4191" r="50"/>
        <zone name="InfectedMedic" smin="0" smax="0" dmin="2" dmax="4" x="4578" z="4623" r="50"/>
        <zone name="InfectedMedic" smin="0" smax="0" dmin="2" dmax="4" x="4782" z="4722" r="50"/>
        <zone name="InfectedMedic" smin="0" smax="0" dmin="2" dmax="4" x="1532.5" z="2613.75" r="50"/>
        <zone name="InfectedMedic" smin="0" smax="0" dmin="2" dmax="4" x="1616.25" z="2593.75" r="50"/>
        <zone name="InfectedMedic" smin="0" smax="0" dmin="2" dmax="4" x="2090" z="2925" r="50"/>
        <zone name="InfectedMedic" smin="0" smax="0" dmin="2" dmax="4" x="2248.75" z="2577.5" r="50"/>
        <zone name="InfectedMedic" smin="0" smax="0" dmin="2" dmax="4" x="2731.25" z="2440" r="50"/>
        <zone name="InfectedMedic" smin="0" smax="0" dmin="2" dmax="4" x="3206.25" z="2403.75" r="50"/>
        <zone name="InfectedMedic" smin="0" smax="0" dmin="2" dmax="4" x="3201.25" z="2178.75" r="50"/>
        <zone name="InfectedMedic" smin="0" smax="0" dmin="2" dmax="4" x="1870" z="1177.5" r="50"/>
        <zone name="InfectedMedic" smin="0" smax="0" dmin="2" dmax="4" x="440.625" z="427.5" r="50"/>
        <zone name="InfectedMedic" smin="0" smax="0" dmin="2" dmax="4" x="2985" z="787.5" r="50"/>
        <zone name="InfectedMedic" smin="0" smax="0" dmin="2" dmax="4" x="3127.5" z="251.25" r="50"/>
        <zone name="InfectedMedic" smin="0" smax="0" dmin="2" dmax="4" x="6990" z="1393.13" r="50"/>
        <zone name="InfectedMedic" smin="0" smax="0" dmin="2" dmax="4" x="6635.63" z="2208.75" r="50"/>
        <zone name="InfectedMedic" smin="0" smax="0" dmin="2" dmax="4" x="7528.13" z="3187.5" r="50"/>
        <zone name="InfectedMedic" smin="0" smax="0" dmin="5" dmax="10" x="4478.33" z="7033.33" r="50"/>
        <zone name="InfectedMedic" smin="0" smax="0" dmin="2" dmax="4" x="3831.67" z="5941.67" r="50"/>
        <zone name="InfectedMedic" smin="0" smax="0" dmin="2" dmax="4" x="3115" z="369.231" r="50"/>
        <zone name="InfectedMedic" smin="0" smax="0" dmin="2" dmax="4" x="3017.31" z="304.615" r="50"/>
        <zone name="InfectedMedic" smin="0" smax="0" dmin="2" dmax="4" x="3536.54" z="240" r="50"/>
        <zone name="InfectedMedic" smin="0" smax="0" dmin="2" dmax="4" x="2000.77" z="861.923" r="50"/>
        <zone name="InfectedMedic" smin="0" smax="0" dmin="2" dmax="4" x="2503.56" z="2489.42" r="50"/>
        <zone name="InfectedMedic" smin="0" smax="0" dmin="2" dmax="4" x="386.538" z="4060.38" r="50"/>
        <zone name="InfectedMedic" smin="0" smax="0" dmin="2" dmax="4" x="6250.38" z="7176.92" r="50"/>
        <zone name="InfectedMedic" smin="0" smax="0" dmin="1" dmax="3" x="7862.31" z="7586.54" r="50"/>
        <zone name="InfectedMedic" smin="0" smax="0" dmin="2" dmax="4" x="1865" z="2547.5" r="50"/>
        <zone name="InfectedMedic" smin="0" smax="0" dmin="2" dmax="4" x="2905" z="2282.5" r="50"/>
        <zone name="InfectedMedic" smin="0" smax="0" dmin="2" dmax="4" x="3046.36" z="2183.18" r="50"/>
        <zone name="InfectedMedic" smin="0" smax="0" dmin="2" dmax="4" x="2585.45" z="2655" r="50"/>
        <zone name="InfectedMedic" smin="0" smax="0" dmin="2" dmax="4" x="3609.55" z="5664.55" r="50"/>
        <zone name="InfectedMedic" smin="0" smax="0" dmin="2" dmax="4" x="3607.5" z="5562" r="50"/>
        <zone name="InfectedMedic" smin="0" smax="0" dmin="1" dmax="3" x="4350" z="12222.9" r="50"/>
        <zone name="InfectedMedic" smin="0" smax="0" dmin="1" dmax="3" x="4380" z="12325.7" r="50"/>
        <zone name="InfectedMedic" smin="0" smax="0" dmin="1" dmax="3" x="1110" z="9963.75" r="50"/>
        <zone name="InfectedMedic" smin="0" smax="0" dmin="1" dmax="3" x="1665" z="13571.3" r="50"/>
        <zone name="InfectedMedic" smin="0" smax="0" dmin="1" dmax="3" x="3405" z="14467.5" r="50"/>
        <zone name="InfectedMedic" smin="0" smax="0" dmin="2" dmax="4" x="4434.38" z="9791.25" r="50"/>
        <zone name="InfectedMedic" smin="0" smax="0" dmin="2" dmax="4" x="11346.7" z="6458.33" r="50"/>
        <zone name="InfectedMedic" smin="0" smax="0" dmin="2" dmax="4" x="12033.3" z="6500" r="50"/>
    </territory>
    <territory color="1291845632">
        <zone name="InfectedReligious" smin="0" smax="0" dmin="3" dmax="5" x="2211.43" z="2890.71" r="50"/>
        <zone name="InfectedReligious" smin="0" smax="0" dmin="3" dmax="5" x="2841" z="2639" r="50"/>
        <zone name="InfectedReligious" smin="0" smax="0" dmin="3" dmax="5" x="1704" z="2693.5" r="50"/>
        <zone name="InfectedReligious" smin="0" smax="0" dmin="3" dmax="6" x="1738.5" z="2482.5" r="50"/>
        <zone name="InfectedReligious" smin="0" smax="0" dmin="3" dmax="5" x="273" z="7680.75" r="50"/>
        <zone name="InfectedReligious" smin="0" smax="0" dmin="3" dmax="5" x="2523" z="2494.5" r="50"/>
        <zone name="InfectedReligious" smin="0" smax="0" dmin="3" dmax="5" x="2268" z="8163.5" r="50"/>
        <zone name="InfectedReligious" smin="0" smax="0" dmin="3" dmax="5" x="6408" z="2112" r="50"/>
        <zone name="InfectedReligious" smin="0" smax="0" dmin="1" dmax="2" x="5638.5" z="4182" r="50"/>
        <zone name="InfectedReligious" smin="0" smax="0" dmin="3" dmax="5" x="4365" z="4779" r="50"/>
        <zone name="InfectedReligious" smin="0" smax="0" dmin="3" dmax="5" x="1663.5" z="6111" r="50"/>
        <zone name="InfectedReligious" smin="0" smax="0" dmin="3" dmax="5" x="3070.5" z="6768.75" r="50"/>
        <zone name="InfectedReligious" smin="0" smax="0" dmin="3" dmax="5" x="4905" z="6706.5" r="50"/>
        <zone name="InfectedReligious" smin="0" smax="0" dmin="3" dmax="5" x="7297.5" z="6807" r="50"/>
        <zone name="InfectedReligious" smin="0" smax="0" dmin="3" dmax="5" x="6384" z="7230" r="50"/>
        <zone name="InfectedReligious" smin="0" smax="0" dmin="2" dmax="4" x="3271.67" z="11441.7" r="50"/>
        <zone name="InfectedReligious" smin="0" smax="0" dmin="2" dmax="4" x="4048.33" z="12690" r="50"/>
        <zone name="InfectedReligious" smin="0" smax="0" dmin="1" dmax="2" x="4722" z="14244" r="50"/>
        <zone name="InfectedReligious" smin="0" smax="0" dmin="1" dmax="2" x="4768.5" z="14236.5" r="50"/>
        <zone name="InfectedReligious" smin="0" smax="0" dmin="1" dmax="2" x="4819.5" z="14277" r="50"/>
        <zone name="InfectedReligious" smin="0" smax="0" dmin="1" dmax="2" x="4885.5" z="14235" r="50"/>
        <zone name="InfectedReligious" smin="0" smax="0" dmin="2" dmax="4" x="1852.5" z="14835" r="50"/>
        <zone name="InfectedReligious" smin="0" smax="0" dmin="2" dmax="4" x="1138.5" z="14916" r="50"/>
        <zone name="InfectedReligious" smin="0" smax="0" dmin="3" dmax="5" x="391.667" z="12146.7" r="50"/>
        <zone name="InfectedReligious" smin="0" smax="0" dmin="3" dmax="5" x="1516.67" z="11768.3" r="50"/>
        <zone name="InfectedReligious" smin="0" smax="0" dmin="2" dmax="4" x="11492.5" z="5803.75" r="50"/>
        <zone name="InfectedReligious" smin="0" smax="0" dmin="2" dmax="4" x="10007.3" z="6787.5" r="50"/>
    </territory>
    <territory color="4293317543">
        <zone name="InfectedSolitude" smin="0" smax="0" dmin="3" dmax="5" x="3804.33" z="654.301" r="100"/>
        <zone name="InfectedSolitude" smin="0" smax="0" dmin="8" dmax="12" x="1503.2" z="15801.6" r="75"/>
        <zone name="InfectedSolitude" smin="0" smax="0" dmin="8" dmax="12" x="1143.6" z="15508.8" r="100"/>
        <zone name="InfectedSolitude" smin="0" smax="0" dmin="8" dmax="12" x="1248" z="15732" r="100"/>
        <zone name="InfectedSolitude" smin="0" smax="0" dmin="3" dmax="5" x="2901.43" z="7925.36" r="50"/>
        <zone name="InfectedSolitude" smin="0" smax="0" dmin="3" dmax="5" x="2958.21" z="7711.07" r="50"/>
        <zone name="InfectedSolitude" smin="0" smax="0" dmin="3" dmax="5" x="3012.86" z="7583.57" r="50"/>
        <zone name="InfectedSolitude" smin="0" smax="0" dmin="3" dmax="5" x="2440.71" z="8386.07" r="50"/>
        <zone name="InfectedSolitude" smin="0" smax="0" dmin="3" dmax="5" x="2526.43" z="8353.93" r="50"/>
        <zone name="InfectedSolitude" smin="0" smax="0" dmin="3" dmax="5" x="2927.5" z="4928.75" r="50"/>
        <zone name="InfectedSolitude" smin="0" smax="0" dmin="3" dmax="5" x="4612.5" z="390" r="100"/>
        <zone name="InfectedSolitude" smin="0" smax="0" dmin="2" dmax="4" x="3767.14" z="12638.6" r="50"/>
        <zone name="InfectedSolitude" smin="0" smax="0" dmin="2" dmax="4" x="3786.43" z="12572.1" r="50"/>
        <zone name="InfectedArmyHard" smin="0" smax="0" dmin="2" dmax="5" x="4157.14" z="12707.1" r="50"/>
        <zone name="InfectedArmyHard" smin="0" smax="0" dmin="2" dmax="5" x="4898.57" z="12835.7" r="50"/>
        <zone name="InfectedArmyHard" smin="0" smax="0" dmin="2" dmax="5" x="5097.86" z="12904.3" r="50"/>
        <zone name="InfectedArmyHard" smin="0" smax="0" dmin="2" dmax="5" x="5253.75" z="12903.8" r="50"/>
        <zone name="InfectedArmyHard" smin="0" smax="0" dmin="2" dmax="5" x="5141.25" z="13950" r="50"/>
        <zone name="InfectedArmyHard" smin="0" smax="0" dmin="2" dmax="5" x="5131.67" z="14063.3" r="50"/>
        <zone name="InfectedArmyHard" smin="0" smax="0" dmin="2" dmax="5" x="5065" z="14341.7" r="50"/>
        <zone name="InfectedArmyHard" smin="0" smax="0" dmin="2" dmax="5" x="4998.33" z="14401.7" r="50"/>
        <zone name="InfectedArmyHard" smin="0" smax="0" dmin="2" dmax="5" x="4385" z="14681.7" r="50"/>
        <zone name="InfectedArmyHard" smin="0" smax="0" dmin="2" dmax="5" x="3906.67" z="14418.3" r="50"/>
        <zone name="InfectedArmyHard" smin="0" smax="0" dmin="2" dmax="5" x="3325" z="14548.3" r="50"/>
        <zone name="InfectedArmyHard" smin="0" smax="0" dmin="2" dmax="5" x="3006.67" z="15031.7" r="50"/>
        <zone name="InfectedArmyHard" smin="0" smax="0" dmin="2" dmax="5" x="2231.67" z="14951.7" r="50"/>
        <zone name="InfectedArmyHard" smin="0" smax="0" dmin="2" dmax="5" x="1545" z="15125" r="50"/>
        <zone name="InfectedArmyHard" smin="0" smax="0" dmin="2" dmax="5" x="1470" z="14928.3" r="50"/>
        <zone name="InfectedArmyHard" smin="0" smax="0" dmin="2" dmax="5" x="1302" z="14803.5" r="50"/>
        <zone name="InfectedArmyHard" smin="0" smax="0" dmin="2" dmax="5" x="487.5" z="12217.5" r="50"/>
        <zone name="InfectedSolitude" smin="0" smax="0" dmin="2" dmax="4" x="10711.1" z="5902.14" r="50"/>
        <zone name="InfectedSolitude" smin="0" smax="0" dmin="2" dmax="4" x="11437.5" z="5855.36" r="50"/>
        <zone name="InfectedSolitude" smin="0" smax="0" dmin="2" dmax="4" x="10787.1" z="6669.64" r="50"/>
        <zone name="InfectedSolitude" smin="0" smax="0" dmin="2" dmax="4" x="10815" z="7067.14" r="50"/>
        <zone name="InfectedSolitude" smin="0" smax="0" dmin="2" dmax="4" x="12042" z="6185" r="50"/>
        <zone name="InfectedSolitude" smin="0" smax="0" dmin="2" dmax="4" x="12232" z="5829" r="50"/>
        <zone name="InfectedSolitude" smin="0" smax="0" dmin="2" dmax="4" x="12680" z="5999" r="50"/>
        <zone name="InfectedSolitude" smin="0" smax="0" dmin="2" dmax="4" x="12859" z="6067" r="50"/>
        <zone name="InfectedSolitude" smin="0" smax="0" dmin="3" dmax="5" x="1068.75" z="9528.75" r="50"/>
        <zone name="InfectedSolitude" smin="0" smax="0" dmin="3" dmax="5" x="967.5" z="9896.25" r="50"/>
        <zone name="InfectedSolitude" smin="0" smax="0" dmin="3" dmax="5" x="1098.75" z="10020" r="50"/>
        <zone name="InfectedSolitude" smin="0" smax="0" dmin="3" dmax="5" x="1166.25" z="9926.25" r="50"/>
        <zone name="InfectedSolitude" smin="0" smax="0" dmin="3" dmax="5" x="1923.75" z="10207.5" r="50"/>
        <zone name="InfectedSolitude" smin="0" smax="0" dmin="3" dmax="5" x="1987.5" z="10788.8" r="50"/>
        <zone name="InfectedSolitude" smin="0" smax="0" dmin="3" dmax="5" x="2208.75" z="10867.5" r="50"/>
        <zone name="InfectedSolitude" smin="0" smax="0" dmin="3" dmax="5" x="2355" z="10560" r="50"/>
        <zone name="InfectedSolitude" smin="0" smax="0" dmin="3" dmax="5" x="2272.5" z="10342.5" r="50"/>
        <zone name="InfectedSolitude" smin="0" smax="0" dmin="3" dmax="5" x="2561.25" z="10612.5" r="50"/>
        <zone name="InfectedSolitude" smin="0" smax="0" dmin="3" dmax="5" x="2587.5" z="10920" r="50"/>
        <zone name="InfectedSolitude" smin="0" smax="0" dmin="3" dmax="5" x="2771.25" z="10942.5" r="50"/>
        <zone name="InfectedSolitude" smin="0" smax="0" dmin="3" dmax="5" x="2917.5" z="10961.3" r="50"/>
        <zone name="InfectedSolitude" smin="0" smax="0" dmin="3" dmax="5" x="3296.25" z="11452.5" r="50"/>
        <zone name="InfectedSolitude" smin="0" smax="0" dmin="3" dmax="5" x="5261.25" z="13552.5" r="50"/>
        <zone name="InfectedSolitude" smin="0" smax="0" dmin="3" dmax="5" x="5467.5" z="13556.3" r="50"/>
        <zone name="InfectedSolitude" smin="0" smax="0" dmin="3" dmax="5" x="5681.25" z="13593.8" r="50"/>
        <zone name="InfectedSolitude" smin="0" smax="0" dmin="3" dmax="5" x="795" z="14422.5" r="50"/>
        <zone name="InfectedSolitude" smin="0" smax="0" dmin="3" dmax="5" x="1005" z="14272.5" r="50"/>
        <zone name="InfectedSolitude" smin="0" smax="0" dmin="3" dmax="5" x="577.5" z="9375" r="50"/>
        <zone name="InfectedSolitude" smin="0" smax="0" dmin="3" dmax="5" x="333.75" z="9585" r="50"/>
        <zone name="InfectedSolitude" smin="0" smax="0" dmin="3" dmax="5" x="266.25" z="9858.75" r="50"/>
        <zone name="InfectedSolitude" smin="0" smax="0" dmin="3" dmax="5" x="206.25" z="10068.8" r="50"/>
        <zone name="InfectedSolitude" smin="0" smax="0" dmin="3" dmax="5" x="210" z="9063.75" r="50"/>
        <zone name="InfectedSolitude" smin="0" smax="0" dmin="2" dmax="4" x="10421.3" z="8021.25" r="50"/>
        <zone name="InfectedSolitude" smin="0" smax="0" dmin="2" dmax="4" x="10428.8" z="7901.25" r="50"/>
        <zone name="InfectedSolitude" smin="0" smax="0" dmin="2" dmax="4" x="10466.3" z="8205" r="50"/>
    </territory>
    <territory color="2348810111">
        <zone name="InfectedNBCYellow" smin="0" smax="0" dmin="3" dmax="6" x="4547.14" z="1907.14" r="100"/>
        <zone name="InfectedNBCYellow" smin="0" smax="0" dmin="3" dmax="6" x="4841.79" z="1708.93" r="100"/>
        <zone name="InfectedNBC" smin="0" smax="0" dmin="3" dmax="6" x="4623.21" z="1686.07" r="100"/>
        <zone name="InfectedNBC" smin="0" smax="0" dmin="3" dmax="6" x="4780.36" z="1944.64" r="100"/>
        <zone name="InfectedNBC" smin="0" smax="0" dmin="4" dmax="8" x="3562.5" z="3915" r="125"/>
        <zone name="InfectedNBCYellow" smin="0" smax="0" dmin="4" dmax="8" x="3517.5" z="4177.5" r="125"/>
        <zone name="InfectedNBC" smin="0" smax="0" dmin="3" dmax="6" x="8265" z="435" r="50"/>
    </territory>
</territory-type>
